b'Kindergarden in Chroscice / PORT',b'https://www.archdaily.com/521495/kindergarden-in-chroscice-port?ad_source=search&ad_medium=projects_tab'
b'Kindergarden / SYD Arkitekter',b'https://www.archdaily.com/782682/kindergarden-syd-arkitekter?ad_source=search&ad_medium=projects_tab'
b'Lidhja e Prizrenit Kindergarden / StudioArch4',b'https://www.archdaily.com/982175/lidhja-e-prizrenit-kindergarden-studioarch4?ad_source=search&ad_medium=projects_tab'
b'Kindergarden / Cristina Garc\xc3\xada Dorce',b'https://www.archdaily.com/303931/kindergarden-cristina-garcia-dorce?ad_source=search&ad_medium=projects_tab&ad_source=search&ad_medium=search_result_all'
b'Sansaburu Parking & Kindergarden / VAUMM',b'https://www.archdaily.com/4315/sansaburu-parking-kindergarden-vaumm?ad_source=search&ad_medium=projects_tab'
b'Knarvik Kindergarden / M3 Architecture',b'https://www.archdaily.com/58256/knarvik-kindergarden-tysseland-architecture?ad_source=search&ad_medium=projects_tab'
b'Kindergarden Schukowitzgasse / KIRSCH Architecture',b'https://www.archdaily.com/781414/kindergarden-schukowitzgasse-kirsch-architecture?ad_source=search&ad_medium=projects_tab'
b'Rodeneck Kindergarden / pedevilla architekten',b'https://www.archdaily.com/544157/rodeneck-kindergarden-pedevilla-architekten?ad_source=search&ad_medium=projects_tab'
b'Solarcity Kindergarden / x architekten',b'https://www.archdaily.com/615481/solarcity-kindergarden-x-architekten?ad_source=search&ad_medium=projects_tab'
b'Valdespartera Kindergarden / Mag\xc3\xa9n Arquitectos',b'https://www.archdaily.com/537982/kindergarten-valdespartera-magen-arquitectos?ad_source=search&ad_medium=projects_tab'
b'Rosales del Canal Kindergarden / Mag\xc3\xa9n Arquitectos',b'https://www.archdaily.com/55546/rosales-del-canal-kindergarden-magen-arquitectos?ad_source=search&ad_medium=projects_tab'
b'Oliver Kindergarden / Carroquino Finner Arquitectos',b'https://www.archdaily.com/4564/oliver-kindergarden-carroquino-finner-arquitectos?ad_source=search&ad_medium=projects_tab'
b'Fagerborg Kindergarden / Reiulf Ramstad Arkitekter',b'https://www.archdaily.com/120498/fagerborg-kindergarden-reiulf-ramstad-architects-thomas-bj-percent-c3-percent-b8rnflatennye-bilder?ad_source=search&ad_medium=projects_tab'
b'Prachasongkroa Kindergarden School / NPDA studio',b'https://www.archdaily.com/452057/prachasongkroa-kindergarden-school-npda-studio?ad_source=search&ad_medium=projects_tab'
b'Kfar Shemaryahu Kindergarden / Sarit Shani Hay',b'https://www.archdaily.com/459642/educational-center-for-children-nil-kfar-shemaryahu-sarit-shani-hay?ad_source=search&ad_medium=projects_tab'
b'Kindergarden at the Ducklake / Bernardo Bader Architekten',b'https://www.archdaily.com/873544/kindergarden-at-the-ducklake-bernardo-bader-architekten?ad_source=search&ad_medium=projects_tab'
b'Monthey Kindergarden / Bonnard Woeffray Architectes',b'https://www.archdaily.com/79449/monthey-kindergarden-bonnard-woeffray-architectes?ad_source=search&ad_medium=projects_tab'
b'El Porvenir Social Kindergarden / Giancarlo Mazzanti',b'https://www.archdaily.com/89896/el-porvenir-social-kindergarden-giancarlo-mazzanti?ad_source=search&ad_medium=projects_tab'
b'Kindergarden between Palms in Los Alcazares / Cor & Asociados',b'https://www.archdaily.com/405440/kindergarden-between-palms-in-los-alcazares-cor-and-asociados?ad_source=search&ad_medium=projects_tab'
b'Sanmen Dafu Kindergarden / Think Logic Design',b'https://www.archdaily.com/931646/sanmen-dafu-kindergarden-think-logic-design?ad_source=search&ad_medium=projects_tab'
b'Barranquitas Sur Municipal Kindergarden / Subsecretar\xc3\xada de Obras de Arquitectura',b'https://www.archdaily.com/444784/barranquitas-sur-municipal-elementary-school-subsecretaria-de-obras-de-arquitectura?ad_source=search&ad_medium=projects_tab'
b'Sant Pere Pescador Kindergarden / Abar + Ovidi Alum',b'https://www.archdaily.com/216907/kindergarden-abar-ovidi-alum?ad_source=search&ad_medium=projects_tab'
"b'Kindergarden, Primary and Secondary School ""Les Vinyes"" / MMDM Arquitectes S.C.P.'",b'https://www.archdaily.com/242096/kindergarden-primary-and-secondary-school-les-vinyes-mmdm-arquitectes-s-c-p?ad_source=search&ad_medium=projects_tab'
"b""Kindergarden in Grenade Sur L'Adour / Gadrat Architecture et associ\xc3\xa9e""",b'https://www.archdaily.com/553598/kindergarden-in-grenade-sur-l-adour-gadrat-architecture-et-associee?ad_source=search&ad_medium=projects_tab'
b'Kindergarden in Ladek-Zdroj / Dominik G\xc3\xb3recki Architekt + DE Pracownia Szczepan Dejnek',b'https://www.archdaily.com/904452/kindergarden-in-ladek-zdroj-dominik-gorecki-architekt-plus-de-pracownia-szczepan-dejnek?ad_source=search&ad_medium=projects_tab'
b'AD Round Up: Kindergardens Part I',b'https://www.archdaily.com/18382/ad-round-up-kindergardens-part-i?ad_source=search&ad_medium=projects_tab&ad_source=search&ad_medium=search_result_all'
b'AD Round Up: Kindergardens Part II',b'https://www.archdaily.com/41511/ad-round-up-kindergardens-part-ii?ad_source=search&ad_medium=projects_tab&ad_source=search&ad_medium=search_result_all'
b'AD Round Up: Kindergardens Part V',b'https://www.archdaily.com/99460/ad-round-up-kindergardens-part-v?ad_source=search&ad_medium=projects_tab&ad_source=search&ad_medium=search_result_all'
b'Cloud Kindergarten of Luxelakes / TEKTONN ARCHITECTS',b'https://www.archdaily.com/1006773/cloud-kindergarten-of-luxelakes-tektonn-architects?ad_source=search&ad_medium=projects_tab'
b'Tsukuigaoka Kindergarten / Naf Architect & Design',b'https://www.archdaily.com/1006630/tsukuigaoka-kindergarten-naf-architect-and-design?ad_source=search&ad_medium=projects_tab'
b'Songpa Wirye Kindergarten / TAAL Architects',b'https://www.archdaily.com/1005729/songpa-wirye-kindergarten-taal-architects?ad_source=search&ad_medium=projects_tab'
b'Nueva Creacio\xcc\x81n Kindergarten / Taller de Arquitectura Miguel Montor',b'https://www.archdaily.com/991384/nueva-creacion-kindergarten-taller-de-arquitectura-miguel-montor?ad_source=search&ad_medium=projects_tab'
b'AD Round Up: Kindergarten Part VIII',b'https://www.archdaily.com/246010/ad-round-up-kindergarten-part-viii?ad_source=search&ad_medium=projects_tab&ad_source=search&ad_medium=search_result_all'
b'Kindergarten in Stabio / Studio WE',b'https://www.archdaily.com/550947/kindergarten-in-stabio-studio-we?ad_source=search&ad_medium=projects_tab'
b'San Vito di Cadore School Complex / ATENASTUDIO',b'https://www.archdaily.com/102999/san-vito-di-cadere-school-complex-atenastudio?ad_source=search&ad_medium=projects_tab&ad_source=search&ad_medium=search_result_all'
b'2 Dwellings at Tamarit ST / Carles Enrich Studio',b'https://www.archdaily.com/621969/2-dwellings-at-tamarit-st-carles-enrich?ad_source=search&ad_medium=projects_tab'
